agency_name,agency_slug,cfr_citation,parent_agency,active,document_count,query_successful,error_message,last_updated
Administrative Conference of the United States,administrative-conference-of-the-united-states,17 CFR,Administrative Conference of the United States,True,156,True,,2025-08-08T02:47:58.216057
Administrative Office of United States Courts,administrative-office-of-united-states-courts,12 CFR,Administrative Office of United States Courts,True,5,True,,2025-08-08T02:47:58.216096
Advocacy and Outreach Office,advocacy-and-outreach-office,29 CFR,Advocacy and Outreach Office,True,32,True,,2025-08-08T02:47:58.216105
Agency for Healthcare Research and Quality,agency-for-healthcare-research-and-quality,21 CFR,Health and Human Services Department,True,1522,True,,2025-08-08T02:47:58.216111
Agency for Toxic Substances and Disease Registry,agency-for-toxic-substances-and-disease-registry,40 CFR,Agency for Toxic Substances and Disease Registry,True,554,True,,2025-08-08T02:47:58.216117
Aging Administration,aging-administration,21 CFR,Aging Administration,True,266,True,,2025-08-08T02:47:58.216123
Agricultural Marketing Service,agricultural-marketing-service,49 CFR,Agricultural Marketing Service,True,5210,True,,2025-08-08T02:47:58.216128
Agricultural Research Service,agricultural-research-service,40 CFR,Agricultural Research Service,True,523,True,,2025-08-08T02:47:58.216132
Agriculture Department,agriculture-department,40 CFR,Agriculture Department,True,36619,True,,2025-08-08T02:47:58.216136
Air Quality National Commission,air-quality-national-commission,40 CFR,Air Quality National Commission,False,1,True,,2025-08-08T02:47:58.216140
Air Transportation Stabilization Board,air-transportation-stabilization-board,49 CFR,Air Transportation Stabilization Board,True,2,True,,2025-08-08T02:47:58.216145
Alaska Power Administration,alaska-power-administration,10 CFR,Alaska Power Administration,False,9,True,,2025-08-08T02:47:58.216149
Alcohol and Tobacco Tax and Trade Bureau,alcohol-and-tobacco-tax-and-trade-bureau,34 CFR,Alcohol and Tobacco Tax and Trade Bureau,True,653,True,,2025-08-08T02:47:58.216154
"Alcohol, Tobacco, Firearms, and Explosives Bureau",alcohol-tobacco-firearms-and-explosives-bureau,10 CFR,"Alcohol, Tobacco, Firearms, and Explosives Bureau",False,1770,True,,2025-08-08T02:47:58.216158
Amtrak Reform Council,amtrak-reform-council,49 CFR,Amtrak Reform Council,False,14,True,,2025-08-08T02:47:58.216162
Animal and Plant Health Inspection Service,animal-and-plant-health-inspection-service,40 CFR,Health and Human Services Department,True,4960,True,,2025-08-08T02:47:58.216167
Antitrust Division,antitrust-division,12 CFR,Antitrust Division,True,4903,True,,2025-08-08T02:47:58.216171
Appalachian Regional Commission,appalachian-regional-commission,49 CFR,Appalachian Regional Commission,True,3,True,,2025-08-08T02:47:58.216175
Architect of the Capitol,architect-of-the-capitol,10 CFR,Architect of the Capitol,True,1,True,,2025-08-08T02:47:58.216179
Architectural and Transportation Barriers Compliance Board,architectural-and-transportation-barriers-compliance-board,40 CFR,Architectural and Transportation Barriers Compliance Board,True,414,True,,2025-08-08T02:47:58.216184
Arctic Research Commission,arctic-research-commission,29 CFR,Arctic Research Commission,True,76,True,,2025-08-08T02:47:58.216220
Army Department,army-department,40 CFR,Army Department,True,3606,True,,2025-08-08T02:47:58.216225
Barry M. Goldwater Scholarship and Excellence in Education Foundation,barry-m-goldwater-scholarship-and-excellence-in-education-foundation,34 CFR,Barry M. Goldwater Scholarship and Excellence in Education Foundation,False,15,True,,2025-08-08T02:47:58.216229
Benefits Review Board,benefits-review-board,29 CFR,Benefits Review Board,True,6,True,,2025-08-08T02:47:58.216233
Bonneville Power Administration,bonneville-power-administration,17 CFR,Bonneville Power Administration,True,291,True,,2025-08-08T02:47:58.216237
Census Bureau,census-bureau,49 CFR,Census Bureau,True,1737,True,,2025-08-08T02:47:58.216241
Centers for Disease Control and Prevention,centers-for-disease-control-and-prevention,21 CFR,Centers for Disease Control and Prevention,True,11516,True,,2025-08-08T02:47:58.216245
Centers for Medicare & Medicaid Services,centers-for-medicare-medicaid-services,21 CFR,Centers for Medicare & Medicaid Services,True,5839,True,,2025-08-08T02:47:58.216249
Central Intelligence Agency,central-intelligence-agency,10 CFR,Central Intelligence Agency,True,34,True,,2025-08-08T02:47:58.216252
Chemical Safety and Hazard Investigation Board,chemical-safety-and-hazard-investigation-board,40 CFR,Chemical Safety and Hazard Investigation Board,True,181,True,,2025-08-08T02:47:58.216257
Children and Families Administration,children-and-families-administration,21 CFR,Children and Families Administration,True,4997,True,,2025-08-08T02:47:58.216261
Civil Rights Commission,civil-rights-commission,29 CFR,Civil Rights Commission,True,4284,True,,2025-08-08T02:47:58.216265
Coast Guard,coast-guard,49 CFR,Coast Guard,True,17490,True,,2025-08-08T02:47:58.216269
Commerce Department,commerce-department,40 CFR,Commerce Department,True,83051,True,,2025-08-08T02:47:58.216273
Commercial Space Transportation Office,commercial-space-transportation-office,14 CFR,Commercial Space Transportation Office,True,10,True,,2025-08-08T02:47:58.216277
Commission on Immigration Reform,commission-on-immigration-reform,29 CFR,Commission on Immigration Reform,False,16,True,,2025-08-08T02:47:58.216280
Committee for Purchase From People Who Are Blind or Severely Disabled,committee-for-purchase-from-people-who-are-blind-or-severely-disabled,10 CFR,Committee for Purchase From People Who Are Blind or Severely Disabled,True,3200,True,,2025-08-08T02:47:58.216284
Committee for the Implementation of Textile Agreements,committee-for-the-implementation-of-textile-agreements,29 CFR,Committee for the Implementation of Textile Agreements,True,2588,True,,2025-08-08T02:47:58.216288
Commodity Credit Corporation,commodity-credit-corporation,21 CFR,Commodity Credit Corporation,False,1025,True,,2025-08-08T02:47:58.216292
Commodity Futures Trading Commission,commodity-futures-trading-commission,12 CFR,Commodity Futures Trading Commission,True,3970,True,,2025-08-08T02:47:58.216296
Community Development Financial Institutions Fund,community-development-financial-institutions-fund,12 CFR,Community Development Financial Institutions Fund,True,335,True,,2025-08-08T02:47:58.216300
Community Living Administration,community-living-administration,21 CFR,Community Living Administration,True,485,True,,2025-08-08T02:47:58.216305
Competitiveness Policy Council,competitiveness-policy-council,17 CFR,Competitiveness Policy Council,False,5,True,,2025-08-08T02:47:58.216309
Comptroller of the Currency,comptroller-of-the-currency,12 CFR,Comptroller of the Currency,True,2047,True,,2025-08-08T02:47:58.216313
Consumer Financial Protection Bureau,consumer-financial-protection-bureau,12 CFR,Consumer Financial Protection Bureau,True,1279,True,,2025-08-08T02:47:58.216317
Consumer Product Safety Commission,consumer-product-safety-commission,49 CFR,Consumer Product Safety Commission,True,2377,True,,2025-08-08T02:47:58.216321
"Cooperative State Research, Education, and Extension Service",cooperative-state-research-education-and-extension-service,40 CFR,"Cooperative State Research, Education, and Extension Service",True,214,True,,2025-08-08T02:47:58.216325
Corporation for National and Community Service,corporation-for-national-and-community-service,40 CFR,Corporation for National and Community Service,False,1341,True,,2025-08-08T02:47:58.216329
Council on Environmental Quality,council-on-environmental-quality,40 CFR,Council on Environmental Quality,True,134,True,,2025-08-08T02:47:58.216341
Counsel to the President,counsel-to-the-president,12 CFR,Counsel to the President,True,0,True,,2025-08-08T02:47:58.216345
Court Services and Offender Supervision Agency for the District of Columbia,court-services-and-offender-supervision-agency-for-the-district-of-columbia,29 CFR,Court Services and Offender Supervision Agency for the District of Columbia,True,61,True,,2025-08-08T02:47:58.216349
Defense Contract Audit Agency,defense-contract-audit-agency,12 CFR,Defense Department,True,15,True,,2025-08-08T02:47:58.216353
Defense Logistics Agency,defense-logistics-agency,21 CFR,Defense Department,True,246,True,,2025-08-08T02:47:58.216356
Defense Nuclear Facilities Safety Board,defense-nuclear-facilities-safety-board,10 CFR,Defense Department,True,295,True,,2025-08-08T02:47:58.216361
Disability Employment Policy Office,disability-employment-policy-office,29 CFR,Disability Employment Policy Office,True,57,True,,2025-08-08T02:47:58.216366
Drug Enforcement Administration,drug-enforcement-administration,12 CFR,Drug Enforcement Administration,True,6815,True,,2025-08-08T02:47:58.216369
Economic Analysis Bureau,economic-analysis-bureau,17 CFR,Economic Analysis Bureau,True,512,True,,2025-08-08T02:47:58.216373
Economic Analysis Staff,economic-analysis-staff,7 CFR,Economic Analysis Staff,True,1,True,,2025-08-08T02:47:58.216377
Economic Development Administration,economic-development-administration,17 CFR,Economic Development Administration,True,819,True,,2025-08-08T02:47:58.216381
Economic Research Service,economic-research-service,40 CFR,Economic Research Service,True,77,True,,2025-08-08T02:47:58.216385
Education Department,education-department,34 CFR,Education Department,True,14152,True,,2025-08-08T02:47:58.216389
Election Assistance Commission,election-assistance-commission,29 CFR,Election Assistance Commission,True,524,True,,2025-08-08T02:47:58.216393
Emergency Oil and Gas Guaranteed Loan Board,emergency-oil-and-gas-guaranteed-loan-board,12 CFR,Emergency Oil and Gas Guaranteed Loan Board,True,9,True,,2025-08-08T02:47:58.216397
Emergency Steel Guarantee Loan Board,emergency-steel-guarantee-loan-board,12 CFR,Emergency Steel Guarantee Loan Board,True,13,True,,2025-08-08T02:47:58.216401
Employee Benefits Security Administration,employee-benefits-security-administration,29 CFR,Employee Benefits Security Administration,True,1148,True,,2025-08-08T02:47:58.216406
Employees Compensation Appeals Board,employees-compensation-appeals-board,29 CFR,Employees Compensation Appeals Board,True,5,True,,2025-08-08T02:47:58.216412
Employment and Training Administration,employment-and-training-administration,10 CFR,Employment and Training Administration,True,12928,True,,2025-08-08T02:47:58.216415
Employment Standards Administration,employment-standards-administration,29 CFR,Employment Standards Administration,True,686,True,,2025-08-08T02:47:58.216419
Energy and Environmental Policy Office,energy-and-environmental-policy-office,40 CFR,Energy Department,True,0,True,,2025-08-08T02:47:58.216423
Energy Department,energy-department,40 CFR,Energy Department,True,85235,True,,2025-08-08T02:47:58.216427
Energy Efficiency and Renewable Energy Office,energy-efficiency-and-renewable-energy-office,12 CFR,Energy Department,True,1129,True,,2025-08-08T02:47:58.216431
Energy Information Administration,energy-information-administration,40 CFR,Energy Department,True,568,True,,2025-08-08T02:47:58.216435
Energy Policy and New Uses Office,energy-policy-and-new-uses-office,10 CFR,Energy Department,True,0,True,,2025-08-08T02:47:58.216438
Engineers Corps,engineers-corps,40 CFR,Engineers Corps,True,2421,True,,2025-08-08T02:47:58.216442
Engraving and Printing Bureau,engraving-and-printing-bureau,12 CFR,Engraving and Printing Bureau,True,48,True,,2025-08-08T02:47:58.216445
"Environment Office, Energy Department",environment-office-energy-department,40 CFR,"Environment Office, Energy Department",True,1,True,,2025-08-08T02:47:58.216449
Environmental Protection Agency,environmental-protection-agency,40 CFR,Environmental Protection Agency,True,58857,True,,2025-08-08T02:47:58.216452
Equal Employment Opportunity Commission,equal-employment-opportunity-commission,29 CFR,Equal Employment Opportunity Commission,True,580,True,,2025-08-08T02:47:58.216460
Family Assistance Office,family-assistance-office,21 CFR,Family Assistance Office,False,0,True,,2025-08-08T02:47:58.216464
Farm Credit Administration,farm-credit-administration,12 CFR,Farm Credit Administration,True,1060,True,,2025-08-08T02:47:58.216467
Farm Credit System Insurance Corporation,farm-credit-system-insurance-corporation,12 CFR,Farm Credit System Insurance Corporation,True,151,True,,2025-08-08T02:47:58.216472
Farm Production and Conservation Business Center,farm-production-and-conservation-business-center,7 CFR,Farm Production and Conservation Business Center,True,2,True,,2025-08-08T02:47:58.216475
Farm Service Agency,farm-service-agency,7 CFR,Farm Service Agency,True,970,True,,2025-08-08T02:47:58.216479
Federal Accounting Standards Advisory Board,federal-accounting-standards-advisory-board,12 CFR,Federal Accounting Standards Advisory Board,True,266,True,,2025-08-08T02:47:58.216482
Federal Aviation Administration,federal-aviation-administration,14 CFR,Federal Aviation Administration,False,49896,True,,2025-08-08T02:47:58.216486
Federal Bureau of Investigation,federal-bureau-of-investigation,12 CFR,Federal Bureau of Investigation,True,521,True,,2025-08-08T02:47:58.216489
Federal Contract Compliance Programs Office,federal-contract-compliance-programs-office,29 CFR,Federal Contract Compliance Programs Office,True,135,True,,2025-08-08T02:47:58.216493
Federal Council on the Arts and the Humanities,federal-council-on-the-arts-and-the-humanities,49 CFR,Federal Council on the Arts and the Humanities,True,48,True,,2025-08-08T02:47:58.216497
Federal Crop Insurance Corporation,federal-crop-insurance-corporation,7 CFR,Federal Crop Insurance Corporation,True,564,True,,2025-08-08T02:47:58.216501
Federal Deposit Insurance Corporation,federal-deposit-insurance-corporation,12 CFR,Federal Deposit Insurance Corporation,True,4034,True,,2025-08-08T02:47:58.216504
Federal Energy Regulatory Commission,federal-energy-regulatory-commission,49 CFR,Energy Department,True,62998,True,,2025-08-08T02:47:58.216508
Federal Financial Institutions Examination Council,federal-financial-institutions-examination-council,12 CFR,Federal Financial Institutions Examination Council,False,335,True,,2025-08-08T02:47:58.216512
Federal Highway Administration,federal-highway-administration,49 CFR,Federal Highway Administration,True,4306,True,,2025-08-08T02:47:58.216515
Federal Housing Enterprise Oversight Office,federal-housing-enterprise-oversight-office,12 CFR,Federal Housing Enterprise Oversight Office,True,121,True,,2025-08-08T02:47:58.216519
Federal Housing Finance Agency,federal-housing-finance-agency,10 CFR,Federal Housing Finance Agency,False,515,True,,2025-08-08T02:47:58.216523
Federal Housing Finance Board,federal-housing-finance-board,12 CFR,Federal Housing Finance Board,True,561,True,,2025-08-08T02:47:58.216527
Federal Labor Relations Authority,federal-labor-relations-authority,29 CFR,Federal Labor Relations Authority,True,156,True,,2025-08-08T02:47:58.216531
Federal Mediation and Conciliation Service,federal-mediation-and-conciliation-service,29 CFR,Federal Mediation and Conciliation Service,True,190,True,,2025-08-08T02:47:58.216535
Federal Mine Safety and Health Review Commission,federal-mine-safety-and-health-review-commission,29 CFR,Health and Human Services Department,True,546,True,,2025-08-08T02:47:58.216538
Federal Motor Carrier Safety Administration,federal-motor-carrier-safety-administration,49 CFR,Federal Motor Carrier Safety Administration,False,4971,True,,2025-08-08T02:47:58.216542
"Federal Pay, Advisory Committee",federal-pay-advisory-committee,29 CFR,"Federal Pay, Advisory Committee",True,1,True,,2025-08-08T02:47:58.216545
Federal Permitting Improvement Steering Council,federal-permitting-improvement-steering-council,49 CFR,Federal Permitting Improvement Steering Council,True,11,True,,2025-08-08T02:47:58.216549
Federal Prison Industries,federal-prison-industries,29 CFR,Federal Prison Industries,True,3,True,,2025-08-08T02:47:58.216552
Federal Procurement Policy Office,federal-procurement-policy-office,10 CFR,Federal Procurement Policy Office,True,160,True,,2025-08-08T02:47:58.216556
Federal Railroad Administration,federal-railroad-administration,12 CFR,Federal Railroad Administration,True,4263,True,,2025-08-08T02:47:58.216559
Federal Reserve System,federal-reserve-system,12 CFR,Federal Reserve System,True,15339,True,,2025-08-08T02:47:58.216563
Federal Retirement Thrift Investment Board,federal-retirement-thrift-investment-board,17 CFR,Federal Retirement Thrift Investment Board,True,655,True,,2025-08-08T02:47:58.216567
Federal Service Impasses Panel,federal-service-impasses-panel,29 CFR,Federal Service Impasses Panel,True,4,True,,2025-08-08T02:47:58.216571
Federal Transit Administration,federal-transit-administration,12 CFR,Federal Transit Administration,False,1827,True,,2025-08-08T02:47:58.216574
Financial Crimes Enforcement Network,financial-crimes-enforcement-network,12 CFR,Financial Crimes Enforcement Network,True,293,True,,2025-08-08T02:47:58.216579
Financial Crisis Inquiry Commission,financial-crisis-inquiry-commission,12 CFR,Financial Crisis Inquiry Commission,True,5,True,,2025-08-08T02:47:58.216583
Financial Research Office,financial-research-office,12 CFR,Financial Research Office,True,5,True,,2025-08-08T02:47:58.216587
Financial Stability Oversight Council,financial-stability-oversight-council,12 CFR,Financial Stability Oversight Council,True,36,True,,2025-08-08T02:47:58.216592
Fish and Wildlife Service,fish-and-wildlife-service,21 CFR,Fish and Wildlife Service,True,13435,True,,2025-08-08T02:47:58.216596
Food and Consumer Service,food-and-consumer-service,21 CFR,Food and Consumer Service,False,160,True,,2025-08-08T02:47:58.216599
Food and Drug Administration,food-and-drug-administration,21 CFR,Food and Drug Administration,True,23359,True,,2025-08-08T02:47:58.216603
Food and Nutrition Service,food-and-nutrition-service,21 CFR,Food and Nutrition Service,True,1479,True,,2025-08-08T02:47:58.216607
Food Safety and Inspection Service,food-safety-and-inspection-service,21 CFR,Food Safety and Inspection Service,True,1418,True,,2025-08-08T02:47:58.216610
Foreign Agricultural Service,foreign-agricultural-service,21 CFR,Foreign Agricultural Service,True,520,True,,2025-08-08T02:47:58.216614
Foreign Assets Control Office,foreign-assets-control-office,10 CFR,Foreign Assets Control Office,True,2434,True,,2025-08-08T02:47:58.216618
Foreign Service Impasse Disputes Panel,foreign-service-impasse-disputes-panel,29 CFR,Foreign Service Impasse Disputes Panel,True,0,True,,2025-08-08T02:47:58.216621
Foreign Service Labor Relations Board,foreign-service-labor-relations-board,29 CFR,Foreign Service Labor Relations Board,True,0,True,,2025-08-08T02:47:58.216625
Forest Service,forest-service,21 CFR,Forest Service,True,8464,True,,2025-08-08T02:47:58.216629
General Services Administration,general-services-administration,49 CFR,General Services Administration,True,6789,True,,2025-08-08T02:47:58.216633
Geological Survey,geological-survey,40 CFR,Geological Survey,True,1124,True,,2025-08-08T02:47:58.216636
Government National Mortgage Association,government-national-mortgage-association,17 CFR,Government National Mortgage Association,True,4,True,,2025-08-08T02:47:58.216640
"Grain Inspection, Packers and Stockyards Administration",grain-inspection-packers-and-stockyards-administration,40 CFR,"Grain Inspection, Packers and Stockyards Administration",True,834,True,,2025-08-08T02:47:58.216644
Great Lakes St. Lawrence Seaway Development Corporation,great-lakes-st-lawrence-seaway-development-corporation,49 CFR,Great Lakes St. Lawrence Seaway Development Corporation,False,170,True,,2025-08-08T02:47:58.216647
Harry S. Truman Scholarship Foundation,harry-s-truman-scholarship-foundation,12 CFR,Harry S. Truman Scholarship Foundation,True,39,True,,2025-08-08T02:47:58.216651
Health and Human Services Department,health-and-human-services-department,21 CFR,Health and Human Services Department,True,106451,True,,2025-08-08T02:47:58.216656
Health Care Finance Administration,health-care-finance-administration,21 CFR,Health and Human Services Department,True,1621,True,,2025-08-08T02:47:58.216659
Health Resources and Services Administration,health-resources-and-services-administration,12 CFR,Health and Human Services Department,True,4108,True,,2025-08-08T02:47:58.216663
"Hearings and Appeals Office, Energy Department",hearings-and-appeals-office-energy-department,10 CFR,"Hearings and Appeals Office, Energy Department",True,0,True,,2025-08-08T02:47:58.216666
Immigration and Naturalization Service,immigration-and-naturalization-service,29 CFR,Immigration and Naturalization Service,False,1204,True,,2025-08-08T02:47:58.216670
Indian Health Service,indian-health-service,21 CFR,Health and Human Services Department,True,754,True,,2025-08-08T02:47:58.216673
"Inspector General Office, Health and Human Services Department",inspector-general-office-health-and-human-services-department,21 CFR,"Inspector General Office, Health and Human Services Department",True,0,True,,2025-08-08T02:47:58.216677
Interagency Floodplain Management Review Committee,interagency-floodplain-management-review-committee,40 CFR,Interagency Floodplain Management Review Committee,True,1,True,,2025-08-08T02:47:58.216680
Interior Department,interior-department,12 CFR,Interior Department,False,57483,True,,2025-08-08T02:47:58.216684
International Development Cooperation Agency,international-development-cooperation-agency,17 CFR,International Development Cooperation Agency,False,148,True,,2025-08-08T02:47:58.216688
International Development Finance Corporation,international-development-finance-corporation,12 CFR,International Development Finance Corporation,True,3,True,,2025-08-08T02:47:58.216691
International Investment Office,international-investment-office,17 CFR,International Investment Office,True,6,True,,2025-08-08T02:47:58.216694
International Joint Commission-United States and Canada,international-joint-commission-united-states-and-canada,40 CFR,International Joint Commission-United States and Canada,True,0,True,,2025-08-08T02:47:58.216698
International Organizations Employees Loyalty Board,international-organizations-employees-loyalty-board,29 CFR,International Organizations Employees Loyalty Board,True,0,True,,2025-08-08T02:47:58.216702
International Trade Administration,international-trade-administration,17 CFR,International Trade Administration,True,24776,True,,2025-08-08T02:47:58.216705
Interstate Commerce Commission,interstate-commerce-commission,49 CFR,Commerce Department,False,935,True,,2025-08-08T02:47:58.216708
Investment Security Office,investment-security-office,17 CFR,Investment Security Office,True,33,True,,2025-08-08T02:47:58.216712
James Madison Memorial Fellowship Foundation,james-madison-memorial-fellowship-foundation,34 CFR,James Madison Memorial Fellowship Foundation,True,8,True,,2025-08-08T02:47:58.216715
Japan-United States Friendship Commission,japan-united-states-friendship-commission,17 CFR,Japan-United States Friendship Commission,True,1,True,,2025-08-08T02:47:58.216719
Joint Board for Enrollment of Actuaries,joint-board-for-enrollment-of-actuaries,29 CFR,Joint Board for Enrollment of Actuaries,True,170,True,,2025-08-08T02:47:58.216722
Justice Department,justice-department,21 CFR,Justice Department,True,28018,True,,2025-08-08T02:47:58.216725
Labor Department,labor-department,29 CFR,Labor Department,True,28724,True,,2025-08-08T02:47:58.216729
Labor Statistics Bureau,labor-statistics-bureau,29 CFR,Labor Statistics Bureau,False,586,True,,2025-08-08T02:47:58.216732
Labor-Management Standards Office,labor-management-standards-office,29 CFR,Labor-Management Standards Office,False,86,True,,2025-08-08T02:47:58.216736
Local Television Loan Guarantee Board,local-television-loan-guarantee-board,7 CFR,Local Television Loan Guarantee Board,False,5,True,,2025-08-08T02:47:58.216740
Maritime Administration,maritime-administration,49 CFR,Maritime Administration,True,4530,True,,2025-08-08T02:47:58.216743
Medicare Payment Advisory Commission,medicare-payment-advisory-commission,21 CFR,Medicare Payment Advisory Commission,True,58,True,,2025-08-08T02:47:58.216747
Merit Systems Protection Board,merit-systems-protection-board,29 CFR,Merit Systems Protection Board,True,277,True,,2025-08-08T02:47:58.216751
Millennium Challenge Corporation,millennium-challenge-corporation,17 CFR,Millennium Challenge Corporation,True,281,True,,2025-08-08T02:47:58.216754
Mine Safety and Health Administration,mine-safety-and-health-administration,21 CFR,Health and Human Services Department,True,1805,True,,2025-08-08T02:47:58.216758
Minerals Management Service,minerals-management-service,40 CFR,Minerals Management Service,True,1612,True,,2025-08-08T02:47:58.216762
Mines Bureau,mines-bureau,40 CFR,Mines Bureau,False,40,True,,2025-08-08T02:47:58.216764
Minority Economic Impact Office,minority-economic-impact-office,10 CFR,Minority Economic Impact Office,True,0,True,,2025-08-08T02:47:58.216765
Mississippi River Commission,mississippi-river-commission,40 CFR,Mississippi River Commission,False,59,True,,2025-08-08T02:47:58.216767
Morris K. Udall and Stewart L. Udall Foundation,morris-k-udall-and-stewart-l-udall-foundation,40 CFR,Morris K. Udall and Stewart L. Udall Foundation,True,120,True,,2025-08-08T02:47:58.216769
National Agricultural Library,national-agricultural-library,21 CFR,National Agricultural Library,True,42,True,,2025-08-08T02:47:58.216770
National Agricultural Statistics Service,national-agricultural-statistics-service,29 CFR,National Agricultural Statistics Service,True,446,True,,2025-08-08T02:47:58.216772
National Assessment Governing Board,national-assessment-governing-board,34 CFR,National Assessment Governing Board,True,43,True,,2025-08-08T02:47:58.216774
National Bipartisan Commission on Future of Medicare,national-bipartisan-commission-on-future-of-medicare,21 CFR,National Bipartisan Commission on Future of Medicare,True,13,True,,2025-08-08T02:47:58.216776
National Civilian Community Corps,national-civilian-community-corps,34 CFR,National Civilian Community Corps,True,3,True,,2025-08-08T02:47:58.216778
National Commission on Intermodal Transportation,national-commission-on-intermodal-transportation,49 CFR,National Commission on Intermodal Transportation,False,1,True,,2025-08-08T02:47:58.216780
National Commission on the Cost of Higher Education,national-commission-on-the-cost-of-higher-education,12 CFR,National Commission on the Cost of Higher Education,False,4,True,,2025-08-08T02:47:58.216782
National Consumer Cooperative Bank,national-consumer-cooperative-bank,12 CFR,National Consumer Cooperative Bank,True,0,True,,2025-08-08T02:47:58.216783
National Council on Disability,national-council-on-disability,21 CFR,National Council on Disability,False,238,True,,2025-08-08T02:47:58.216785
National Crime Prevention and Privacy Compact Council,national-crime-prevention-and-privacy-compact-council,17 CFR,National Crime Prevention and Privacy Compact Council,True,26,True,,2025-08-08T02:47:58.216787
National Economic Council,national-economic-council,12 CFR,National Economic Council,True,4,True,,2025-08-08T02:47:58.216789
National Education Goals Panel,national-education-goals-panel,34 CFR,National Education Goals Panel,False,16,True,,2025-08-08T02:47:58.216791
National Highway Traffic Safety Administration,national-highway-traffic-safety-administration,17 CFR,National Highway Traffic Safety Administration,True,6034,True,,2025-08-08T02:47:58.216793
National Institute for Literacy,national-institute-for-literacy,17 CFR,National Institute for Literacy,True,113,True,,2025-08-08T02:47:58.216795
National Institute of Food and Agriculture,national-institute-of-food-and-agriculture,10 CFR,National Institute of Food and Agriculture,False,170,True,,2025-08-08T02:47:58.216797
National Institute of Standards and Technology,national-institute-of-standards-and-technology,29 CFR,National Institute of Standards and Technology,True,2096,True,,2025-08-08T02:47:58.216798
National Institutes of Health,national-institutes-of-health,29 CFR,Health and Human Services Department,True,37155,True,,2025-08-08T02:47:58.216800
National Labor Relations Board,national-labor-relations-board,10 CFR,National Labor Relations Board,True,323,True,,2025-08-08T02:47:58.216802
National Library of Medicine,national-library-of-medicine,21 CFR,National Library of Medicine,True,2,True,,2025-08-08T02:47:58.216803
National Mediation Board,national-mediation-board,12 CFR,National Mediation Board,True,63,True,,2025-08-08T02:47:58.216805
National Nuclear Security Administration,national-nuclear-security-administration,10 CFR,National Nuclear Security Administration,True,156,True,,2025-08-08T02:47:58.216807
National Oceanic and Atmospheric Administration,national-oceanic-and-atmospheric-administration,40 CFR,National Oceanic and Atmospheric Administration,True,34382,True,,2025-08-08T02:47:58.216808
National Park Service,national-park-service,34 CFR,National Park Service,True,12327,True,,2025-08-08T02:47:58.216810
National Partnership for Reinventing Government,national-partnership-for-reinventing-government,29 CFR,National Partnership for Reinventing Government,True,3,True,,2025-08-08T02:47:58.216811
National Railroad Passenger Corporation,national-railroad-passenger-corporation,49 CFR,National Railroad Passenger Corporation,True,5,True,,2025-08-08T02:47:58.216813
National Science Foundation,national-science-foundation,21 CFR,National Science Foundation,True,7371,True,,2025-08-08T02:47:58.216814
National Security Agency/Central Security Service,national-security-agency-central-security-service,40 CFR,National Security Agency/Central Security Service,True,10,True,,2025-08-08T02:47:58.216816
National Skill Standards Board,national-skill-standards-board,29 CFR,National Skill Standards Board,True,28,True,,2025-08-08T02:47:58.216818
National Technical Information Service,national-technical-information-service,40 CFR,National Technical Information Service,True,91,True,,2025-08-08T02:47:58.216820
National Telecommunications and Information Administration,national-telecommunications-and-information-administration,29 CFR,National Telecommunications and Information Administration,True,767,True,,2025-08-08T02:47:58.216821
National Transportation Safety Board,national-transportation-safety-board,49 CFR,National Transportation Safety Board,True,577,True,,2025-08-08T02:47:58.216823
Natural Resources Conservation Service,natural-resources-conservation-service,40 CFR,Natural Resources Conservation Service,True,1099,True,,2025-08-08T02:47:58.216825
Natural Resources Revenue Office,natural-resources-revenue-office,10 CFR,Natural Resources Revenue Office,True,207,True,,2025-08-08T02:47:58.216826
Neighborhood Reinvestment Corporation,neighborhood-reinvestment-corporation,12 CFR,Neighborhood Reinvestment Corporation,True,225,True,,2025-08-08T02:47:58.216828
Northeast Dairy Compact Commission,northeast-dairy-compact-commission,7 CFR,Northeast Dairy Compact Commission,False,84,True,,2025-08-08T02:47:58.216830
Northern Border Regional Commission,northern-border-regional-commission,17 CFR,Northern Border Regional Commission,True,3,True,,2025-08-08T02:47:58.216831
Nuclear Energy Office,nuclear-energy-office,40 CFR,Energy Department,True,0,True,,2025-08-08T02:47:58.216833
Nuclear Regulatory Commission,nuclear-regulatory-commission,40 CFR,Nuclear Regulatory Commission,False,22040,True,,2025-08-08T02:47:58.216834
Nuclear Waste Technical Review Board,nuclear-waste-technical-review-board,10 CFR,Nuclear Waste Technical Review Board,True,131,True,,2025-08-08T02:47:58.216836
Occupational Safety and Health Administration,occupational-safety-and-health-administration,29 CFR,Health and Human Services Department,True,2967,True,,2025-08-08T02:47:58.216838
Occupational Safety and Health Review Commission,occupational-safety-and-health-review-commission,40 CFR,Health and Human Services Department,True,118,True,,2025-08-08T02:47:58.216840
Ocean Energy Management Bureau,ocean-energy-management-bureau,40 CFR,Energy Department,False,639,True,,2025-08-08T02:47:58.216842
"Ocean Energy Management, Regulation, and Enforcement Bureau",ocean-energy-management-regulation-and-enforcement-bureau,40 CFR,Energy Department,True,94,True,,2025-08-08T02:47:58.216843
Office of National Drug Control Policy,office-of-national-drug-control-policy,21 CFR,Office of National Drug Control Policy,True,159,True,,2025-08-08T02:47:58.216845
Operations Office,operations-office,40 CFR,Operations Office,True,4,True,,2025-08-08T02:47:58.216847
Overseas Private Investment Corporation,overseas-private-investment-corporation,17 CFR,Overseas Private Investment Corporation,True,530,True,,2025-08-08T02:47:58.216849
Pacific Northwest Electric Power and Conservation Planning Council,pacific-northwest-electric-power-and-conservation-planning-council,40 CFR,Pacific Northwest Electric Power and Conservation Planning Council,True,32,True,,2025-08-08T02:47:58.216851
Partnerships and Public Engagement Office,partnerships-and-public-engagement-office,7 CFR,Partnerships and Public Engagement Office,True,33,True,,2025-08-08T02:47:58.216853
Patent and Trademark Office,patent-and-trademark-office,17 CFR,Patent and Trademark Office,True,1888,True,,2025-08-08T02:47:58.216854
Pension and Welfare Benefits Administration,pension-and-welfare-benefits-administration,17 CFR,Pension and Welfare Benefits Administration,True,795,True,,2025-08-08T02:47:58.216856
Pension Benefit Guaranty Corporation,pension-benefit-guaranty-corporation,17 CFR,Pension Benefit Guaranty Corporation,True,1301,True,,2025-08-08T02:47:58.216858
Pipeline and Hazardous Materials Safety Administration,pipeline-and-hazardous-materials-safety-administration,49 CFR,Pipeline and Hazardous Materials Safety Administration,True,2101,True,,2025-08-08T02:47:58.216859
Postal Rate Commission,postal-rate-commission,10 CFR,Postal Rate Commission,True,1,True,,2025-08-08T02:47:58.216861
President's Council on Sustainable Development,president-s-council-on-sustainable-development,40 CFR,President's Council on Sustainable Development,False,0,True,,2025-08-08T02:47:58.216863
President's Economic Policy Advisory Board,president-s-economic-policy-advisory-board,12 CFR,President's Economic Policy Advisory Board,True,0,True,,2025-08-08T02:47:58.216865
Prisons Bureau,prisons-bureau,40 CFR,Prisons Bureau,True,311,True,,2025-08-08T02:47:58.216866
"Procurement and Property Management, Office of",procurement-and-property-management-office-of,14 CFR,"Procurement and Property Management, Office of",True,40,True,,2025-08-08T02:47:58.216868
Program Support Center,program-support-center,12 CFR,Program Support Center,True,11,True,,2025-08-08T02:47:58.216870
Prospective Payment Assessment Commission,prospective-payment-assessment-commission,21 CFR,Prospective Payment Assessment Commission,True,20,True,,2025-08-08T02:47:58.216871
Public Debt Bureau,public-debt-bureau,17 CFR,Public Debt Bureau,True,351,True,,2025-08-08T02:47:58.216873
Public Health Service,public-health-service,21 CFR,Health and Human Services Department,True,514,True,,2025-08-08T02:47:58.216874
Railroad Retirement Board,railroad-retirement-board,29 CFR,Railroad Retirement Board,True,1408,True,,2025-08-08T02:47:58.216876
Reagan-Udall Foundation for the Food and Drug Administration,reagan-udall-foundation-for-the-food-and-drug-administration,21 CFR,Reagan-Udall Foundation for the Food and Drug Administration,True,13,True,,2025-08-08T02:47:58.216878
Reclamation Bureau,reclamation-bureau,10 CFR,Reclamation Bureau,True,1654,True,,2025-08-08T02:47:58.216879
Recovery Accountability and Transparency Board,recovery-accountability-and-transparency-board,17 CFR,Recovery Accountability and Transparency Board,True,32,True,,2025-08-08T02:47:58.216881
Research and Innovative Technology Administration,research-and-innovative-technology-administration,49 CFR,Research and Innovative Technology Administration,True,111,True,,2025-08-08T02:47:58.216883
Research and Special Programs Administration,research-and-special-programs-administration,49 CFR,Research and Special Programs Administration,False,1255,True,,2025-08-08T02:47:58.216884
Resolution Trust Corporation,resolution-trust-corporation,12 CFR,Resolution Trust Corporation,False,43,True,,2025-08-08T02:47:58.216886
Risk Management Agency,risk-management-agency,7 CFR,Risk Management Agency,True,33,True,,2025-08-08T02:47:58.216888
Rural Housing and Community Development Service,rural-housing-and-community-development-service,7 CFR,Rural Housing and Community Development Service,True,27,True,,2025-08-08T02:47:58.216890
Rural Utilities Service,rural-utilities-service,12 CFR,Rural Utilities Service,True,1658,True,,2025-08-08T02:47:58.216892
Safety and Environmental Enforcement Bureau,safety-and-environmental-enforcement-bureau,40 CFR,Safety and Environmental Enforcement Bureau,False,304,True,,2025-08-08T02:47:58.216894
Saint Lawrence Seaway Development Corporation,saint-lawrence-seaway-development-corporation,49 CFR,Saint Lawrence Seaway Development Corporation,True,0,True,,2025-08-08T02:47:58.216896
Science and Technology Policy Office,science-and-technology-policy-office,34 CFR,Science and Technology Policy Office,True,306,True,,2025-08-08T02:47:58.216898
Secret Service,secret-service,12 CFR,Secret Service,True,37,True,,2025-08-08T02:47:58.216899
Securities and Exchange Commission,securities-and-exchange-commission,17 CFR,Securities and Exchange Commission,True,57984,True,,2025-08-08T02:47:58.216901
Selective Service System,selective-service-system,10 CFR,Selective Service System,True,123,True,,2025-08-08T02:47:58.216903
Small Business Administration,small-business-administration,17 CFR,Small Business Administration,True,11240,True,,2025-08-08T02:47:58.216904
Smithsonian Institution,smithsonian-institution,34 CFR,Smithsonian Institution,True,3,True,,2025-08-08T02:47:58.216906
Social Security Administration,social-security-administration,29 CFR,Social Security Administration,True,2678,True,,2025-08-08T02:47:58.216908
Southeastern Power Administration,southeastern-power-administration,10 CFR,Southeastern Power Administration,True,76,True,,2025-08-08T02:47:58.216910
Southwestern Power Administration,southwestern-power-administration,10 CFR,Southwestern Power Administration,True,126,True,,2025-08-08T02:47:58.216912
Special Counsel Office,special-counsel-office,29 CFR,Special Counsel Office,True,95,True,,2025-08-08T02:47:58.216913
Special Trustee for American Indians Office,special-trustee-for-american-indians-office,12 CFR,Special Trustee for American Indians Office,True,35,True,,2025-08-08T02:47:58.216915
Strategic Preparedness and Response Administration,strategic-preparedness-and-response-administration,21 CFR,Strategic Preparedness and Response Administration,True,7,True,,2025-08-08T02:47:58.216918
Substance Abuse and Mental Health Services Administration,substance-abuse-and-mental-health-services-administration,21 CFR,Health and Human Services Department,True,2688,True,,2025-08-08T02:47:58.216919
Surface Mining Reclamation and Enforcement Office,surface-mining-reclamation-and-enforcement-office,40 CFR,Surface Mining Reclamation and Enforcement Office,True,2257,True,,2025-08-08T02:47:58.216921
Surface Transportation Board,surface-transportation-board,49 CFR,Surface Transportation Board,False,6289,True,,2025-08-08T02:47:58.216923
Technology Administration,technology-administration,34 CFR,Technology Administration,False,106,True,,2025-08-08T02:47:58.216925
Thrift Depositor Protection Oversight Board,thrift-depositor-protection-oversight-board,12 CFR,Thrift Depositor Protection Oversight Board,False,29,True,,2025-08-08T02:47:58.216927
Thrift Supervision Office,thrift-supervision-office,12 CFR,Thrift Supervision Office,True,1271,True,,2025-08-08T02:47:58.216928
"Trade Representative, Office of United States",trade-representative-office-of-united-states,12 CFR,"Trade Representative, Office of United States",True,2021,True,,2025-08-08T02:47:58.216930
Transportation Department,transportation-department,14 CFR,Transportation Department,False,97305,True,,2025-08-08T02:47:58.216932
Transportation Office,transportation-office,49 CFR,Transportation Office,True,1,True,,2025-08-08T02:47:58.216933
Transportation Security Administration,transportation-security-administration,14 CFR,Transportation Security Administration,False,937,True,,2025-08-08T02:47:58.216935
Transportation Statistics Bureau,transportation-statistics-bureau,17 CFR,Transportation Statistics Bureau,False,222,True,,2025-08-08T02:47:58.216937
Travel and Tourism Administration,travel-and-tourism-administration,29 CFR,Travel and Tourism Administration,True,10,True,,2025-08-08T02:47:58.216938
Treasury Department,treasury-department,12 CFR,Treasury Department,True,32505,True,,2025-08-08T02:47:58.216940
Twenty-First Century Workforce Commission,twenty-first-century-workforce-commission,17 CFR,Twenty-First Century Workforce Commission,True,7,True,,2025-08-08T02:47:58.216942
U.S. Codex Office,u-s-codex-office,21 CFR,U.S. Codex Office,True,3,True,,2025-08-08T02:47:58.216943
U.S. Committee on the Marine Transportation System,u-s-committee-on-the-marine-transportation-system,49 CFR,U.S. Committee on the Marine Transportation System,True,3,True,,2025-08-08T02:47:58.216945
U.S. Customs and Border Protection,u-s-customs-and-border-protection,49 CFR,U.S. Customs and Border Protection,True,3848,True,,2025-08-08T02:47:58.216947
U.S. House of Representatives,u-s-house-of-representatives,10 CFR,U.S. House of Representatives,True,2,True,,2025-08-08T02:47:58.216948
U.S. Immigration and Customs Enforcement,u-s-immigration-and-customs-enforcement,49 CFR,U.S. Immigration and Customs Enforcement,True,309,True,,2025-08-08T02:47:58.216950
U.S. Trade Deficit Review Commission,u-s-trade-deficit-review-commission,29 CFR,U.S. Trade Deficit Review Commission,True,7,True,,2025-08-08T02:47:58.216952
U.S.-China Economic and Security Review Commission,u-s-china-economic-and-security-review-commission,21 CFR,U.S.-China Economic and Security Review Commission,True,202,True,,2025-08-08T02:47:58.216954
Uniformed Services University of the Health Sciences,uniformed-services-university-of-the-health-sciences,21 CFR,Health and Human Services Department,True,40,True,,2025-08-08T02:47:58.216956
United States Agency for Global Media,united-states-agency-for-global-media,40 CFR,United States Agency for Global Media,True,11,True,,2025-08-08T02:47:58.216957
United States Enrichment Corporation,united-states-enrichment-corporation,10 CFR,United States Enrichment Corporation,False,44,True,,2025-08-08T02:47:58.216959
United States Information Agency,united-states-information-agency,34 CFR,United States Information Agency,True,694,True,,2025-08-08T02:47:58.216961
United States Institute of Peace,united-states-institute-of-peace,10 CFR,United States Institute of Peace,True,175,True,,2025-08-08T02:47:58.216962
United States Olympic and Paralympic Committee,united-states-olympic-and-paralympic-committee,10 CFR,United States Olympic and Paralympic Committee,True,1,True,,2025-08-08T02:47:58.216965
Veterans Affairs Department,veterans-affairs-department,21 CFR,Veterans Affairs Department,True,10407,True,,2025-08-08T02:47:58.216967
Veterans Employment and Training Service,veterans-employment-and-training-service,12 CFR,Veterans Employment and Training Service,True,150,True,,2025-08-08T02:47:58.216969
Wage and Hour Division,wage-and-hour-division,29 CFR,Wage and Hour Division,True,417,True,,2025-08-08T02:47:58.217149
Western Area Power Administration,western-area-power-administration,10 CFR,Western Area Power Administration,True,653,True,,2025-08-08T02:47:58.217154
Women's Business Enterprise Interagency Committee,women-s-business-enterprise-interagency-committee,12 CFR,Women's Business Enterprise Interagency Committee,True,1,True,,2025-08-08T02:47:58.217155
Women's Progress Commemoration Commission,women-s-progress-commemoration-commission,34 CFR,Women's Progress Commemoration Commission,True,2,True,,2025-08-08T02:47:58.217157
Workers' Compensation Programs Office,workers-compensation-programs-office,10 CFR,Workers' Compensation Programs Office,True,423,True,,2025-08-08T02:47:58.217159
